<?xml version="1.0" encoding="utf-8"?>
<doctrine-mapping xmlns="http://doctrine-project.org/schemas/orm/doctrine-mapping" xmlns:xsi="http://www.w3.org/2001/XMLSchema-instance" xsi:schemaLocation="http://doctrine-project.org/schemas/orm/doctrine-mapping http://doctrine-project.org/schemas/orm/doctrine-mapping.xsd">
  <entity name="AppBundle\Entity\Accesslog" table="accesslog">
    <indexes>
      <index name="user_id" columns="user_id"/>
      <index name="user_id_2" columns="user_id"/>
    </indexes>
    <id name="id" type="integer" column="id">
      <generator strategy="IDENTITY"/>
    </id>
    <field name="userId" type="integer" column="user_id" nullable="false">
      <options>
        <option name="unsigned"/>
      </options>
    </field>
    <field name="ip" type="string" column="ip" length="15" nullable="false">
      <options>
        <option name="fixed"/>
      </options>
    </field>
    <field name="actiontype" type="string" column="actiontype" length="255" nullable="false">
      <options>
        <option name="fixed"/>
      </options>
    </field>
    <field name="path" type="text" column="path" length="65535" nullable="false">
      <options>
        <option name="fixed"/>
      </options>
    </field>
    <field name="notes" type="text" column="notes" length="65535" nullable="false">
      <options>
        <option name="fixed"/>
      </options>
    </field>
    <field name="ts" type="datetime" column="ts" nullable="false">
      <options>
        <option name="default">CURRENT_TIMESTAMP</option>
      </options>
    </field>
  </entity>
</doctrine-mapping>
