<?xml version="1.0" encoding="utf-8"?>
<doctrine-mapping xmlns="http://doctrine-project.org/schemas/orm/doctrine-mapping" xmlns:xsi="http://www.w3.org/2001/XMLSchema-instance" xsi:schemaLocation="http://doctrine-project.org/schemas/orm/doctrine-mapping http://doctrine-project.org/schemas/orm/doctrine-mapping.xsd">
  <entity name="AppBundle\Entity\AttributeItems" table="attribute_items">
    <indexes>
      <index name="eav_model" columns="eav_model"/>
      <index name="user_id" columns="actioneer"/>
    </indexes>
    <unique-constraints>
      <unique-constraint name="eav_model_2" columns="eav_model,attribute_id"/>
    </unique-constraints>
    <id name="id" type="integer" column="id">
      <generator strategy="IDENTITY"/>
    </id>
    <field name="eavModel" type="string" column="eav_model" length="255" nullable="false">
      <options>
        <option name="fixed"/>
      </options>
    </field>
    <field name="attributeId" type="integer" column="attribute_id" nullable="false">
      <options>
        <option name="unsigned"/>
      </options>
    </field>
    <field name="title" type="string" column="title" length="255" nullable="false">
      <options>
        <option name="fixed"/>
      </options>
    </field>
    <field name="css" type="text" column="css" length="65535" nullable="false">
      <options>
        <option name="fixed"/>
      </options>
    </field>
    <field name="listStyle" type="string" column="list_style" length="255" nullable="false">
      <options>
        <option name="fixed"/>
        <option name="default">horizontal</option>
      </options>
    </field>
    <field name="selectData" type="string" column="select_data" length="255" nullable="false">
      <options>
        <option name="fixed"/>
      </options>
    </field>
    <field name="required" type="boolean" column="required" nullable="false"/>
    <field name="visible" type="boolean" column="visible" nullable="false"/>
    <field name="unique" type="boolean" column="unique" nullable="false">
      <options>
        <option name="default">0</option>
      </options>
    </field>
    <field name="sort" type="integer" column="sort" nullable="false">
      <options>
        <option name="unsigned"/>
      </options>
    </field>
    <field name="column" type="integer" column="column" nullable="false">
      <options>
        <option name="unsigned"/>
        <option name="default">1</option>
      </options>
    </field>
    <field name="groupId" type="integer" column="group_id" nullable="false">
      <options>
        <option name="unsigned"/>
        <option name="default">1</option>
      </options>
    </field>
    <field name="access" type="text" column="access" length="65535" nullable="false">
      <options>
        <option name="fixed"/>
      </options>
    </field>
    <field name="ts" type="datetime" column="ts" nullable="false">
      <options>
        <option name="default">CURRENT_TIMESTAMP</option>
      </options>
    </field>
    <field name="actioneer" type="integer" column="actioneer" nullable="true">
      <options>
        <option name="unsigned"/>
      </options>
    </field>
    <field name="created" type="datetime" column="created" nullable="false"/>
    <field name="modified" type="datetime" column="modified" nullable="false"/>
  </entity>
</doctrine-mapping>
