<?xml version="1.0" encoding="utf-8"?>
<doctrine-mapping xmlns="http://doctrine-project.org/schemas/orm/doctrine-mapping" xmlns:xsi="http://www.w3.org/2001/XMLSchema-instance" xsi:schemaLocation="http://doctrine-project.org/schemas/orm/doctrine-mapping http://doctrine-project.org/schemas/orm/doctrine-mapping.xsd">
  <entity name="AppBundle\Entity\Attributes" table="attributes">
    <indexes>
      <index name="user_id" columns="actioneer"/>
    </indexes>
    <id name="id" type="integer" column="id">
      <generator strategy="IDENTITY"/>
    </id>
    <field name="type" type="string" column="type" length="255" nullable="false">
      <options>
        <option name="fixed"/>
      </options>
    </field>
    <field name="identifier" type="string" column="identifier" length="100" nullable="false">
      <options>
        <option name="fixed"/>
      </options>
    </field>
    <field name="title" type="string" column="title" length="100" nullable="false">
      <options>
        <option name="fixed"/>
      </options>
    </field>
    <field name="css" type="text" column="css" length="65535" nullable="false">
      <options>
        <option name="fixed"/>
      </options>
    </field>
    <field name="required" type="boolean" column="required" nullable="false">
      <options>
        <option name="default">0</option>
      </options>
    </field>
    <field name="visible" type="boolean" column="visible" nullable="false">
      <options>
        <option name="default">0</option>
      </options>
    </field>
    <field name="searchable" type="boolean" column="searchable" nullable="false">
      <options>
        <option name="default">0</option>
      </options>
    </field>
    <field name="unique" type="boolean" column="unique" nullable="false">
      <options>
        <option name="default">0</option>
      </options>
    </field>
    <field name="validation" type="string" column="validation" length="250" nullable="false">
      <options>
        <option name="fixed"/>
        <option name="default">none</option>
      </options>
    </field>
    <field name="locked" type="boolean" column="locked" nullable="false">
      <options>
        <option name="default">0</option>
      </options>
    </field>
    <field name="selectData" type="text" column="select_data" length="65535" nullable="false">
      <options>
        <option name="fixed"/>
      </options>
    </field>
    <field name="source" type="text" column="source" length="65535" nullable="false">
      <options>
        <option name="fixed"/>
      </options>
    </field>
    <field name="ts" type="datetime" column="ts" nullable="false">
      <options>
        <option name="default">CURRENT_TIMESTAMP</option>
      </options>
    </field>
    <field name="actioneer" type="integer" column="actioneer" nullable="true">
      <options>
        <option name="unsigned"/>
      </options>
    </field>
    <field name="created" type="datetime" column="created" nullable="false"/>
    <field name="modified" type="datetime" column="modified" nullable="false"/>
  </entity>
</doctrine-mapping>
