<?xml version="1.0" encoding="utf-8"?>
<doctrine-mapping xmlns="http://doctrine-project.org/schemas/orm/doctrine-mapping" xmlns:xsi="http://www.w3.org/2001/XMLSchema-instance" xsi:schemaLocation="http://doctrine-project.org/schemas/orm/doctrine-mapping http://doctrine-project.org/schemas/orm/doctrine-mapping.xsd">
  <entity name="AppBundle\Entity\Brand" table="brand">
    <id name="id" type="integer" column="id">
      <generator strategy="IDENTITY"/>
    </id>
    <field name="brand" type="string" column="brand" length="255" nullable="false">
      <options>
        <option name="fixed"/>
      </options>
    </field>
    <field name="enable" type="boolean" column="enable" nullable="false">
      <options>
        <option name="default">0</option>
      </options>
    </field>
    <field name="status" type="boolean" column="status" nullable="false">
      <options>
        <option name="default">1</option>
      </options>
    </field>
    <field name="top" type="boolean" column="top" nullable="false"/>
  </entity>
</doctrine-mapping>
