<?xml version="1.0" encoding="utf-8"?>
<doctrine-mapping xmlns="http://doctrine-project.org/schemas/orm/doctrine-mapping" xmlns:xsi="http://www.w3.org/2001/XMLSchema-instance" xsi:schemaLocation="http://doctrine-project.org/schemas/orm/doctrine-mapping http://doctrine-project.org/schemas/orm/doctrine-mapping.xsd">
  <entity name="AppBundle\Entity\BrandModel" table="brand_model">
    <indexes>
      <index name="brand" columns="brand"/>
    </indexes>
    <id name="id" type="integer" column="id">
      <generator strategy="IDENTITY"/>
    </id>
    <field name="brand" type="integer" column="brand" nullable="false">
      <options>
        <option name="unsigned"/>
      </options>
    </field>
    <field name="group" type="integer" column="group" nullable="false">
      <options>
        <option name="unsigned"/>
      </options>
    </field>
    <field name="groupName" type="string" column="group_name" length="255" nullable="false">
      <options>
        <option name="fixed"/>
      </options>
    </field>
    <field name="brandModel" type="string" column="brand_model" length="255" nullable="false">
      <options>
        <option name="fixed"/>
      </options>
    </field>
    <field name="yearFrom" type="integer" column="year_from" nullable="false">
      <options>
        <option name="unsigned"/>
      </options>
    </field>
    <field name="yearTo" type="integer" column="year_to" nullable="false">
      <options>
        <option name="unsigned"/>
      </options>
    </field>
    <field name="enable" type="boolean" column="enable" nullable="false">
      <options>
        <option name="default">0</option>
      </options>
    </field>
    <field name="status" type="boolean" column="status" nullable="false">
      <options>
        <option name="default">1</option>
      </options>
    </field>
  </entity>
</doctrine-mapping>
