<?xml version="1.0" encoding="utf-8"?>
<doctrine-mapping xmlns="http://doctrine-project.org/schemas/orm/doctrine-mapping" xmlns:xsi="http://www.w3.org/2001/XMLSchema-instance" xsi:schemaLocation="http://doctrine-project.org/schemas/orm/doctrine-mapping http://doctrine-project.org/schemas/orm/doctrine-mapping.xsd">
  <entity name="AppBundle\Entity\BrandModelType" table="brand_model_type">
    <indexes>
      <index name="brand_model" columns="brand_model"/>
    </indexes>
    <id name="id" type="integer" column="id">
      <generator strategy="IDENTITY"/>
    </id>
    <field name="brandModel" type="integer" column="brand_model" nullable="false">
      <options>
        <option name="unsigned"/>
      </options>
    </field>
    <field name="brandModelType" type="string" column="brand_model_type" length="255" nullable="false">
      <options>
        <option name="fixed"/>
      </options>
    </field>
    <field name="nodes" type="text" column="nodes" nullable="false">
      <options>
        <option name="fixed"/>
      </options>
    </field>
    <field name="needUpdate" type="boolean" column="need_update" nullable="false">
      <options>
        <option name="default">1</option>
      </options>
    </field>
    <field name="updated" type="datetime" column="updated" nullable="false"/>
    <field name="enable" type="boolean" column="enable" nullable="false">
      <options>
        <option name="default">0</option>
      </options>
    </field>
    <field name="motorType" type="string" column="motor_type" length="255" nullable="false">
      <options>
        <option name="fixed"/>
      </options>
    </field>
    <field name="powerHp" type="integer" column="power_hp" nullable="false">
      <options>
        <option name="unsigned"/>
      </options>
    </field>
    <field name="details" type="text" column="details" length="65535" nullable="false">
      <options>
        <option name="fixed"/>
      </options>
    </field>
    <field name="engine" type="text" column="engine" length="65535" nullable="false">
      <options>
        <option name="fixed"/>
      </options>
    </field>
    <field name="status" type="boolean" column="status" nullable="false">
      <options>
        <option name="default">1</option>
      </options>
    </field>
  </entity>
</doctrine-mapping>
