<?xml version="1.0" encoding="utf-8"?>
<doctrine-mapping xmlns="http://doctrine-project.org/schemas/orm/doctrine-mapping" xmlns:xsi="http://www.w3.org/2001/XMLSchema-instance" xsi:schemaLocation="http://doctrine-project.org/schemas/orm/doctrine-mapping http://doctrine-project.org/schemas/orm/doctrine-mapping.xsd">
  <entity name="AppBundle\Entity\BrandGroup" table="brand_group">
    <indexes>
      <index name="brand" columns="brand"/>
    </indexes>
    <id name="id" type="integer" column="id">
      <generator strategy="IDENTITY"/>
    </id>
    <field name="brand" type="integer" column="brand" nullable="false">
      <options>
        <option name="unsigned"/>
      </options>
    </field>
    <field name="brandGroup" type="string" column="brand_group" length="255" nullable="false">
      <options>
        <option name="fixed"/>
      </options>
    </field>
    <field name="enable" type="boolean" column="enable" nullable="false">
      <options>
        <option name="default">0</option>
      </options>
    </field>
  </entity>
</doctrine-mapping>
