<?xml version="1.0" encoding="utf-8"?>
<doctrine-mapping xmlns="http://doctrine-project.org/schemas/orm/doctrine-mapping" xmlns:xsi="http://www.w3.org/2001/XMLSchema-instance" xsi:schemaLocation="http://doctrine-project.org/schemas/orm/doctrine-mapping http://doctrine-project.org/schemas/orm/doctrine-mapping.xsd">
  <entity name="AppBundle\Entity\CategoryLang" table="category_lang">
    <indexes>
      <index name="category" columns="category"/>
      <index name="language" columns="language"/>
    </indexes>
    <id name="id" type="integer" column="id">
      <generator strategy="IDENTITY"/>
    </id>
    <field name="category" type="integer" column="category" nullable="false">
      <options>
        <option name="unsigned"/>
      </options>
    </field>
    <field name="language" type="integer" column="language" nullable="false">
      <options>
        <option name="unsigned"/>
      </options>
    </field>
    <field name="name" type="string" column="name" length="255" nullable="false">
      <options>
        <option name="fixed"/>
      </options>
    </field>
  </entity>
</doctrine-mapping>
