<?xml version="1.0" encoding="utf-8"?>
<doctrine-mapping xmlns="http://doctrine-project.org/schemas/orm/doctrine-mapping" xmlns:xsi="http://www.w3.org/2001/XMLSchema-instance" xsi:schemaLocation="http://doctrine-project.org/schemas/orm/doctrine-mapping http://doctrine-project.org/schemas/orm/doctrine-mapping.xsd">
  <entity name="AppBundle\Entity\Customerrule" table="customerrule">
    <indexes>
      <index name="customer" columns="customer"/>
    </indexes>
    <id name="id" type="integer" column="id">
      <generator strategy="IDENTITY"/>
    </id>
    <field name="customer" type="integer" column="customer" nullable="false">
      <options>
        <option name="unsigned"/>
      </options>
    </field>
    <field name="val" type="decimal" column="val" precision="10" scale="2" nullable="false"/>
    <field name="supplier" type="string" column="supplier" length="255" nullable="false">
      <options>
        <option name="fixed"/>
      </options>
    </field>
  </entity>
</doctrine-mapping>
