<?xml version="1.0" encoding="utf-8"?>
<doctrine-mapping xmlns="http://doctrine-project.org/schemas/orm/doctrine-mapping" xmlns:xsi="http://www.w3.org/2001/XMLSchema-instance" xsi:schemaLocation="http://doctrine-project.org/schemas/orm/doctrine-mapping http://doctrine-project.org/schemas/orm/doctrine-mapping.xsd">
  <entity name="AppBundle\Entity\Customeradress" table="customeradress">
    <indexes>
      <index name="reference" columns="reference"/>
    </indexes>
    <id name="id" type="integer" column="id">
      <generator strategy="IDENTITY"/>
    </id>
    <field name="reference" type="integer" column="reference" nullable="false">
      <options>
        <option name="unsigned"/>
      </options>
    </field>
    <field name="customer" type="integer" column="customer" nullable="false">
      <options>
        <option name="unsigned"/>
      </options>
    </field>
    <field name="code" type="string" column="code" length="20" nullable="false">
      <options>
        <option name="fixed"/>
      </options>
    </field>
    <field name="name" type="string" column="name" length="255" nullable="false">
      <options>
        <option name="fixed"/>
      </options>
    </field>
    <field name="country" type="integer" column="country" nullable="false">
      <options>
        <option name="unsigned"/>
        <option name="default">1000</option>
      </options>
    </field>
    <field name="city" type="string" column="city" length="255" nullable="false">
      <options>
        <option name="fixed"/>
      </options>
    </field>
    <field name="zip" type="string" column="zip" length="25" nullable="false">
      <options>
        <option name="fixed"/>
      </options>
    </field>
    <field name="district" type="string" column="district" length="255" nullable="false">
      <options>
        <option name="fixed"/>
      </options>
    </field>
    <field name="district1" type="integer" column="district1" nullable="false">
      <options>
        <option name="unsigned"/>
      </options>
    </field>
    <field name="address" type="string" column="address" length="255" nullable="false">
      <options>
        <option name="fixed"/>
      </options>
    </field>
    <field name="email" type="string" column="email" length="255" nullable="false">
      <options>
        <option name="fixed"/>
      </options>
    </field>
    <field name="branch" type="integer" column="branch" nullable="false">
      <options>
        <option name="unsigned"/>
      </options>
    </field>
    <field name="discount" type="decimal" column="discount" precision="10" scale="2" nullable="false"/>
    <field name="iscenter" type="boolean" column="iscenter" nullable="false"/>
    <field name="isactive" type="boolean" column="isactive" nullable="false"/>
    <field name="vatsts" type="integer" column="vatsts" nullable="false">
      <options>
        <option name="unsigned"/>
        <option name="default">1</option>
      </options>
    </field>
  </entity>
</doctrine-mapping>
