<?xml version="1.0" encoding="utf-8"?>
<doctrine-mapping xmlns="http://doctrine-project.org/schemas/orm/doctrine-mapping" xmlns:xsi="http://www.w3.org/2001/XMLSchema-instance" xsi:schemaLocation="http://doctrine-project.org/schemas/orm/doctrine-mapping http://doctrine-project.org/schemas/orm/doctrine-mapping.xsd">
  <entity name="AppBundle\Entity\Order2" table="order2">
    <indexes>
      <index name="user_id" columns="actioneer"/>
      <index name="customer" columns="customer"/>
      <index name="status" columns="status"/>
      <index name="store" columns="store"/>
    </indexes>
    <id name="id" type="integer" column="id">
      <generator strategy="IDENTITY"/>
    </id>
    <field name="reference" type="integer" column="reference" nullable="false">
      <options>
        <option name="unsigned"/>
      </options>
    </field>
    <field name="user" type="integer" column="user" nullable="false">
      <options>
        <option name="unsigned"/>
      </options>
    </field>
    <field name="store" type="integer" column="store" nullable="false">
      <options>
        <option name="unsigned"/>
        <option name="default">1</option>
      </options>
    </field>
    <field name="customer" type="integer" column="customer" nullable="false">
      <options>
        <option name="unsigned"/>
      </options>
    </field>
    <field name="customerRef" type="integer" column="customer_ref" nullable="false">
      <options>
        <option name="unsigned"/>
      </options>
    </field>
    <field name="customerName" type="string" column="customer_name" length="255" nullable="false">
      <options>
        <option name="fixed"/>
      </options>
    </field>
    <field name="customerName2" type="string" column="customer_name2" length="255" nullable="false">
      <options>
        <option name="fixed"/>
      </options>
    </field>
    <field name="tfprms" type="integer" column="tfprms" nullable="false">
      <options>
        <option name="unsigned"/>
      </options>
    </field>
    <field name="fprms" type="integer" column="fprms" nullable="false">
      <options>
        <option name="unsigned"/>
      </options>
    </field>
    <field name="insdate" type="datetime" column="insdate" nullable="false"/>
    <field name="seriesnum" type="integer" column="seriesnum" nullable="false">
      <options>
        <option name="unsigned"/>
      </options>
    </field>
    <field name="series" type="integer" column="series" nullable="false">
      <options>
        <option name="unsigned"/>
      </options>
    </field>
    <field name="fincode" type="string" column="fincode" length="255" nullable="false">
      <options>
        <option name="fixed"/>
      </options>
    </field>
    <field name="disc1prc" type="decimal" column="disc1prc" precision="10" scale="2" nullable="false"/>
    <field name="comments" type="text" column="comments" length="65535" nullable="false">
      <options>
        <option name="fixed"/>
      </options>
    </field>
    <field name="fullytrans" type="boolean" column="fullytrans" nullable="false"/>
    <field name="trdbranch" type="integer" column="trdbranch" nullable="false">
      <options>
        <option name="unsigned"/>
      </options>
    </field>
    <field name="remarks" type="text" column="remarks" length="65535" nullable="false">
      <options>
        <option name="fixed"/>
      </options>
    </field>
    <field name="noorder" type="boolean" column="noorder" nullable="false"/>
    <field name="status" type="integer" column="status" nullable="false">
      <options>
        <option name="unsigned"/>
      </options>
    </field>
    <field name="actioneer" type="integer" column="actioneer" nullable="true">
      <options>
        <option name="unsigned"/>
      </options>
    </field>
    <field name="created" type="datetime" column="created" nullable="false"/>
    <field name="modified" type="datetime" column="modified" nullable="false"/>
  </entity>
</doctrine-mapping>
