<?xml version="1.0" encoding="utf-8"?>
<doctrine-mapping xmlns="http://doctrine-project.org/schemas/orm/doctrine-mapping" xmlns:xsi="http://www.w3.org/2001/XMLSchema-instance" xsi:schemaLocation="http://doctrine-project.org/schemas/orm/doctrine-mapping http://doctrine-project.org/schemas/orm/doctrine-mapping.xsd">
  <entity name="AppBundle\Entity\ParastatikaTypes" table="parastatika_types">
    <id name="id" type="integer" column="id">
      <generator strategy="IDENTITY"/>
    </id>
    <field name="perigrafi" type="string" column="perigrafi" length="255" nullable="false">
      <options>
        <option name="fixed"/>
      </options>
    </field>
    <field name="symperifora" type="string" column="symperifora" length="255" nullable="false">
      <options>
        <option name="fixed"/>
      </options>
    </field>
    <field name="enabled" type="boolean" column="enabled" nullable="false"/>
  </entity>
</doctrine-mapping>
