<?xml version="1.0" encoding="utf-8"?>
<doctrine-mapping xmlns="http://doctrine-project.org/schemas/orm/doctrine-mapping" xmlns:xsi="http://www.w3.org/2001/XMLSchema-instance" xsi:schemaLocation="http://doctrine-project.org/schemas/orm/doctrine-mapping http://doctrine-project.org/schemas/orm/doctrine-mapping.xsd">
  <entity name="AppBundle\Entity\Pcategory" table="pcategory">
    <indexes>
      <index name="reference" columns="reference"/>
    </indexes>
    <id name="id" type="integer" column="id">
      <generator strategy="IDENTITY"/>
    </id>
    <field name="reference" type="integer" column="reference" nullable="false">
      <options>
        <option name="unsigned"/>
      </options>
    </field>
    <field name="itecategoryMtrcategory" type="integer" column="itecategory_mtrcategory" nullable="false">
      <options>
        <option name="unsigned"/>
      </options>
    </field>
    <field name="itecategoryCode" type="string" column="itecategory_code" length="255" nullable="false">
      <options>
        <option name="fixed"/>
      </options>
    </field>
    <field name="itecategoryName" type="string" column="itecategory_name" length="255" nullable="false">
      <options>
        <option name="fixed"/>
      </options>
    </field>
    <field name="ts" type="datetime" column="ts" nullable="false">
      <options>
        <option name="default">CURRENT_TIMESTAMP</option>
      </options>
    </field>
    <field name="actioneer" type="integer" column="actioneer" nullable="false">
      <options>
        <option name="unsigned"/>
      </options>
    </field>
    <field name="created" type="datetime" column="created" nullable="false"/>
    <field name="modified" type="datetime" column="modified" nullable="false"/>
    <field name="flatData" type="text" column="flat_data" length="65535" nullable="false">
      <options>
        <option name="fixed"/>
      </options>
    </field>
  </entity>
</doctrine-mapping>
