<?xml version="1.0" encoding="utf-8"?>
<doctrine-mapping xmlns="http://doctrine-project.org/schemas/orm/doctrine-mapping" xmlns:xsi="http://www.w3.org/2001/XMLSchema-instance" xsi:schemaLocation="http://doctrine-project.org/schemas/orm/doctrine-mapping http://doctrine-project.org/schemas/orm/doctrine-mapping.xsd">
  <entity name="AppBundle\Entity\Product" table="product">
    <indexes>
      <index name="tecdoc_supplier_id" columns="tecdoc_supplier_id"/>
      <index name="catalogue" columns="catalogue"/>
      <index name="reference" columns="reference"/>
      <index name="erp_code" columns="erp_code"/>
      <index name="item_code" columns="item_code"/>
      <index name="search" columns="search"/>
      <index name="gnisia" columns="gnisia"/>
      <index name="item_cccfxcode1" columns="item_cccfxcode1"/>
    </indexes>
    <id name="id" type="integer" column="id">
      <generator strategy="IDENTITY"/>
    </id>
    <field name="reference" type="integer" column="reference" nullable="false">
      <options>
        <option name="unsigned"/>
      </options>
    </field>
    <field name="catalogue" type="integer" column="catalogue" nullable="false">
      <options>
        <option name="unsigned"/>
      </options>
    </field>
    <field name="erpCode" type="string" column="erp_code" length="255" nullable="false">
      <options>
        <option name="fixed"/>
      </options>
    </field>
    <field name="tecdocCode" type="string" column="tecdoc_code" length="255" nullable="false">
      <options>
        <option name="fixed"/>
      </options>
    </field>
    <field name="tecdocSupplierId" type="integer" column="tecdoc_supplier_id" nullable="true">
      <options>
        <option name="unsigned"/>
      </options>
    </field>
    <field name="supplierCode" type="string" column="supplier_code" length="255" nullable="false">
      <options>
        <option name="fixed"/>
      </options>
    </field>
    <field name="erpSupplier" type="string" column="erp_supplier" length="255" nullable="false">
      <options>
        <option name="fixed"/>
      </options>
    </field>
    <field name="title" type="text" column="title" length="65535" nullable="false">
      <options>
        <option name="fixed"/>
      </options>
    </field>
    <field name="disc1prc" type="decimal" column="disc1prc" precision="10" scale="2" nullable="false"/>
    <field name="tecdocArticleName" type="string" column="tecdoc_article_name" length="255" nullable="false">
      <options>
        <option name="fixed"/>
      </options>
    </field>
    <field name="tecdocGenericArticleId" type="integer" column="tecdoc_generic_article_id" nullable="false">
      <options>
        <option name="unsigned"/>
      </options>
    </field>
    <field name="itemInsdate" type="datetime" column="item_insdate" nullable="false"/>
    <field name="itemUpddate" type="datetime" column="item_upddate" nullable="false"/>
    <field name="itemIsactive" type="boolean" column="item_isactive" nullable="false">
      <options>
        <option name="default">1</option>
      </options>
    </field>
    <field name="itemCccfxrelbrand" type="integer" column="item_cccfxrelbrand" nullable="false">
      <options>
        <option name="unsigned"/>
      </options>
    </field>
    <field name="itemCccfxreltdcode" type="string" column="item_cccfxreltdcode" length="255" nullable="false">
      <options>
        <option name="fixed"/>
      </options>
    </field>
    <field name="itemVat" type="integer" column="item_vat" nullable="false">
      <options>
        <option name="unsigned"/>
      </options>
    </field>
    <field name="itemCccfxcode1" type="string" column="item_cccfxcode1" length="255" nullable="false">
      <options>
        <option name="fixed"/>
      </options>
    </field>
    <field name="itemMtrmanfctr" type="string" column="item_mtrmanfctr" length="255" nullable="false">
      <options>
        <option name="fixed"/>
      </options>
    </field>
    <field name="itemPricer" type="decimal" column="item_pricer" precision="10" scale="2" nullable="false"/>
    <field name="itemPricew" type="decimal" column="item_pricew" precision="10" scale="0" nullable="false"/>
    <field name="itemPricew01" type="decimal" column="item_pricew01" precision="10" scale="2" nullable="false"/>
    <field name="itemPricew02" type="decimal" column="item_pricew02" precision="10" scale="2" nullable="false"/>
    <field name="itemPricew03" type="decimal" column="item_pricew03" precision="10" scale="2" nullable="false"/>
    <field name="itemPricer01" type="decimal" column="item_pricer01" precision="10" scale="2" nullable="false"/>
    <field name="itemPricer02" type="decimal" column="item_pricer02" precision="10" scale="2" nullable="false"/>
    <field name="itemMarkupw" type="decimal" column="item_markupw" precision="10" scale="2" nullable="false"/>
    <field name="itemMtrunit1" type="integer" column="item_mtrunit1" nullable="false">
      <options>
        <option name="unsigned"/>
      </options>
    </field>
    <field name="itemName1" type="string" column="item_name1" length="255" nullable="false">
      <options>
        <option name="fixed"/>
      </options>
    </field>
    <field name="itemName" type="string" column="item_name" length="255" nullable="false">
      <options>
        <option name="fixed"/>
      </options>
    </field>
    <field name="itemCode" type="string" column="item_code" length="255" nullable="false">
      <options>
        <option name="fixed"/>
      </options>
    </field>
    <field name="itemCode1" type="string" column="item_code1" length="255" nullable="false">
      <options>
        <option name="fixed"/>
      </options>
    </field>
    <field name="itemCode2" type="string" column="item_code2" length="255" nullable="false">
      <options>
        <option name="fixed"/>
      </options>
    </field>
    <field name="itemMtrplace" type="string" column="item_mtrplace" length="255" nullable="false">
      <options>
        <option name="fixed"/>
      </options>
    </field>
    <field name="itemMtrsup" type="integer" column="item_mtrsup" nullable="false">
      <options>
        <option name="unsigned"/>
      </options>
    </field>
    <field name="itemMtrcategory" type="integer" column="item_mtrcategory" nullable="false">
      <options>
        <option name="unsigned"/>
      </options>
    </field>
    <field name="itemMtrlItemtrdataQty1" type="integer" column="item_mtrl_itemtrdata_qty1" nullable="false">
      <options>
        <option name="unsigned"/>
      </options>
    </field>
    <field name="updated" type="boolean" column="updated" nullable="false">
      <options>
        <option name="default">1</option>
      </options>
    </field>
    <field name="media" type="string" column="media" length="255" nullable="false">
      <options>
        <option name="fixed"/>
      </options>
    </field>
    <field name="ts" type="datetime" column="ts" nullable="false">
      <options>
        <option name="default">CURRENT_TIMESTAMP</option>
      </options>
    </field>
    <field name="actioneer" type="integer" column="actioneer" nullable="false">
      <options>
        <option name="unsigned"/>
      </options>
    </field>
    <field name="created" type="datetime" column="created" nullable="false"/>
    <field name="modified" type="datetime" column="modified" nullable="false"/>
    <field name="flatData" type="text" column="flat_data" nullable="false">
      <options>
        <option name="fixed"/>
      </options>
    </field>
    <field name="search" type="string" column="search" length="255" nullable="false">
      <options>
        <option name="fixed"/>
      </options>
    </field>
    <field name="gnisia" type="string" column="gnisia" length="255" nullable="false">
      <options>
        <option name="fixed"/>
      </options>
    </field>
    <field name="search2" type="text" column="search2" length="65535" nullable="false">
      <options>
        <option name="fixed"/>
      </options>
    </field>
    <field name="itemMtrlIteextraNum02" type="decimal" column="item_mtrl_iteextra_num02" precision="10" scale="2" nullable="false"/>
    <field name="itemV3" type="integer" column="item_v3" nullable="false">
      <options>
        <option name="unsigned"/>
      </options>
    </field>
    <field name="itemV4" type="integer" column="item_v4" nullable="false">
      <options>
        <option name="unsigned"/>
      </options>
    </field>
    <field name="itemV5" type="datetime" column="item_v5" nullable="false"/>
    <field name="itemV6" type="integer" column="item_v6" nullable="false">
      <options>
        <option name="unsigned"/>
      </options>
    </field>
    <field name="itemV7" type="integer" column="item_v7" nullable="false">
      <options>
        <option name="unsigned"/>
      </options>
    </field>
    <field name="rafi1" type="string" column="rafi1" length="255" nullable="false">
      <options>
        <option name="fixed"/>
      </options>
    </field>
    <field name="rafi2" type="string" column="rafi2" length="255" nullable="false">
      <options>
        <option name="fixed"/>
      </options>
    </field>
  </entity>
</doctrine-mapping>
