<?xml version="1.0" encoding="utf-8"?>
<doctrine-mapping xmlns="http://doctrine-project.org/schemas/orm/doctrine-mapping" xmlns:xsi="http://www.w3.org/2001/XMLSchema-instance" xsi:schemaLocation="http://doctrine-project.org/schemas/orm/doctrine-mapping http://doctrine-project.org/schemas/orm/doctrine-mapping.xsd">
  <entity name="AppBundle\Entity\ProductLang" table="product_lang">
    <indexes>
      <index name="language" columns="language"/>
      <index name="product" columns="product"/>
    </indexes>
    <id name="id" type="integer" column="id">
      <generator strategy="IDENTITY"/>
    </id>
    <field name="product" type="integer" column="product" nullable="false">
      <options>
        <option name="unsigned"/>
      </options>
    </field>
    <field name="language" type="integer" column="language" nullable="false">
      <options>
        <option name="unsigned"/>
      </options>
    </field>
    <field name="title" type="string" column="title" length="255" nullable="false">
      <options>
        <option name="fixed"/>
      </options>
    </field>
    <field name="tecdocArticleName" type="string" column="tecdoc_article_name" length="255" nullable="false">
      <options>
        <option name="fixed"/>
      </options>
    </field>
  </entity>
</doctrine-mapping>
