<?xml version="1.0" encoding="utf-8"?>
<doctrine-mapping xmlns="http://doctrine-project.org/schemas/orm/doctrine-mapping" xmlns:xsi="http://www.w3.org/2001/XMLSchema-instance" xsi:schemaLocation="http://doctrine-project.org/schemas/orm/doctrine-mapping http://doctrine-project.org/schemas/orm/doctrine-mapping.xsd">
  <entity name="AppBundle\Entity\Reportmodelcategory" table="reportmodelcategory">
    <indexes>
      <index name="customer_id" columns="customer_id"/>
    </indexes>
    <id name="id" type="integer" column="id">
      <generator strategy="IDENTITY"/>
    </id>
    <field name="customerId" type="integer" column="customer_id" nullable="false">
      <options>
        <option name="unsigned"/>
      </options>
    </field>
    <field name="model" type="integer" column="model" nullable="false">
      <options>
        <option name="unsigned"/>
      </options>
    </field>
    <field name="category" type="integer" column="category" nullable="false">
      <options>
        <option name="unsigned"/>
      </options>
    </field>
    <field name="sessionId" type="string" column="session_id" length="255" nullable="false">
      <options>
        <option name="fixed"/>
      </options>
    </field>
    <field name="ip" type="string" column="ip" length="20" nullable="false">
      <options>
        <option name="fixed"/>
      </options>
    </field>
    <field name="ts" type="datetime" column="ts" nullable="false">
      <options>
        <option name="default">CURRENT_TIMESTAMP</option>
      </options>
    </field>
    <field name="actioneer" type="integer" column="actioneer" nullable="false">
      <options>
        <option name="unsigned"/>
      </options>
    </field>
    <field name="created" type="datetime" column="created" nullable="false"/>
    <field name="modified" type="datetime" column="modified" nullable="false"/>
    <field name="flatData" type="text" column="flat_data" length="65535" nullable="false">
      <options>
        <option name="fixed"/>
      </options>
    </field>
  </entity>
</doctrine-mapping>
