<?xml version="1.0" encoding="utf-8"?>
<doctrine-mapping xmlns="http://doctrine-project.org/schemas/orm/doctrine-mapping" xmlns:xsi="http://www.w3.org/2001/XMLSchema-instance" xsi:schemaLocation="http://doctrine-project.org/schemas/orm/doctrine-mapping http://doctrine-project.org/schemas/orm/doctrine-mapping.xsd">
  <entity name="AppBundle\Entity\Routecustomer" table="routecustomer">
    <indexes>
      <index name="route" columns="route"/>
      <index name="customer" columns="customer"/>
    </indexes>
    <id name="id" type="integer" column="id">
      <generator strategy="IDENTITY"/>
    </id>
    <field name="route" type="integer" column="route" nullable="false">
      <options>
        <option name="unsigned"/>
      </options>
    </field>
    <field name="customer" type="integer" column="customer" nullable="false">
      <options>
        <option name="unsigned"/>
      </options>
    </field>
    <field name="default" type="boolean" column="default" nullable="false"/>
  </entity>
</doctrine-mapping>
