<?xml version="1.0" encoding="utf-8"?>
<doctrine-mapping xmlns="http://doctrine-project.org/schemas/orm/doctrine-mapping" xmlns:xsi="http://www.w3.org/2001/XMLSchema-instance" xsi:schemaLocation="http://doctrine-project.org/schemas/orm/doctrine-mapping http://doctrine-project.org/schemas/orm/doctrine-mapping.xsd">
  <entity name="AppBundle\Entity\Sisxetiseis" table="sisxetiseis">
    <indexes>
      <index name="sisxetisi" columns="sisxetisi"/>
      <index name="product" columns="product"/>
    </indexes>
    <id name="id" type="integer" column="id">
      <generator strategy="IDENTITY"/>
    </id>
    <field name="product" type="integer" column="product" nullable="false">
      <options>
        <option name="unsigned"/>
      </options>
    </field>
    <field name="sisxetisi" type="integer" column="sisxetisi" nullable="false">
      <options>
        <option name="unsigned"/>
      </options>
    </field>
  </entity>
</doctrine-mapping>
