<?xml version="1.0" encoding="utf-8"?>
<doctrine-mapping xmlns="http://doctrine-project.org/schemas/orm/doctrine-mapping" xmlns:xsi="http://www.w3.org/2001/XMLSchema-instance" xsi:schemaLocation="http://doctrine-project.org/schemas/orm/doctrine-mapping http://doctrine-project.org/schemas/orm/doctrine-mapping.xsd">
  <entity name="AppBundle\Entity\User" table="user">
    <indexes>
      <index name="user_id" columns="actioneer"/>
    </indexes>
    <id name="id" type="integer" column="id">
      <generator strategy="IDENTITY"/>
    </id>
    <field name="reference" type="integer" column="reference" nullable="false">
      <options>
        <option name="unsigned"/>
      </options>
    </field>
    <field name="email" type="string" column="email" length="45" nullable="true">
      <options>
        <option name="fixed"/>
      </options>
    </field>
    <field name="username" type="string" column="username" length="45" nullable="true">
      <options>
        <option name="fixed"/>
      </options>
    </field>
    <field name="password" type="string" column="password" length="80" nullable="true">
      <options>
        <option name="fixed"/>
      </options>
    </field>
    <field name="store" type="integer" column="store" nullable="false">
      <options>
        <option name="unsigned"/>
      </options>
    </field>
    <field name="key" type="string" column="key" length="50" nullable="true">
      <options>
        <option name="fixed"/>
      </options>
    </field>
    <field name="role" type="string" column="role" length="255" nullable="true">
      <options>
        <option name="fixed"/>
      </options>
    </field>
    <field name="appkey" type="string" column="appkey" length="255" nullable="false">
      <options>
        <option name="fixed"/>
      </options>
    </field>
    <field name="ts" type="datetime" column="ts" nullable="false">
      <options>
        <option name="default">CURRENT_TIMESTAMP</option>
      </options>
    </field>
    <field name="status" type="string" column="status" length="255" nullable="false">
      <options>
        <option name="fixed"/>
        <option name="default">active</option>
      </options>
    </field>
    <field name="actioneer" type="integer" column="actioneer" nullable="true">
      <options>
        <option name="unsigned"/>
      </options>
    </field>
    <field name="created" type="datetime" column="created" nullable="false"/>
    <field name="modified" type="datetime" column="modified" nullable="false"/>
  </entity>
</doctrine-mapping>
