<?xml version="1.0" encoding="utf-8"?>
<doctrine-mapping xmlns="http://doctrine-project.org/schemas/orm/doctrine-mapping" xmlns:xsi="http://www.w3.org/2001/XMLSchema-instance" xsi:schemaLocation="http://doctrine-project.org/schemas/orm/doctrine-mapping http://doctrine-project.org/schemas/orm/doctrine-mapping.xsd">
  <entity name="AppBundle\Entity\Usersettings" table="usersettings">
    <indexes>
      <index name="user_id" columns="user"/>
      <index name="user_id_2" columns="actioneer"/>
    </indexes>
    <id name="id" type="integer" column="id">
      <generator strategy="IDENTITY"/>
    </id>
    <field name="user" type="integer" column="user" nullable="false">
      <options>
        <option name="unsigned"/>
      </options>
    </field>
    <field name="key" type="string" column="key" length="255" nullable="false">
      <options>
        <option name="fixed"/>
      </options>
    </field>
    <field name="label" type="string" column="label" length="255" nullable="false">
      <options>
        <option name="fixed"/>
      </options>
    </field>
    <field name="type" type="string" column="type" length="255" nullable="false">
      <options>
        <option name="fixed"/>
        <option name="default">text</option>
      </options>
    </field>
    <field name="multidata" type="text" column="multidata" length="65535" nullable="false">
      <options>
        <option name="fixed"/>
      </options>
    </field>
    <field name="value" type="text" column="value" length="65535" nullable="false">
      <options>
        <option name="fixed"/>
      </options>
    </field>
    <field name="ts" type="datetime" column="ts" nullable="false">
      <options>
        <option name="default">CURRENT_TIMESTAMP</option>
      </options>
    </field>
    <field name="actioneer" type="integer" column="actioneer" nullable="true">
      <options>
        <option name="unsigned"/>
      </options>
    </field>
    <field name="created" type="datetime" column="created" nullable="false"/>
    <field name="modified" type="datetime" column="modified" nullable="false"/>
  </entity>
</doctrine-mapping>
