<?xml version="1.0" encoding="utf-8"?>
<doctrine-mapping xmlns="http://doctrine-project.org/schemas/orm/doctrine-mapping" xmlns:xsi="http://www.w3.org/2001/XMLSchema-instance" xsi:schemaLocation="http://doctrine-project.org/schemas/orm/doctrine-mapping http://doctrine-project.org/schemas/orm/doctrine-mapping.xsd">
  <entity name="AppBundle\Entity\WebserviceProduct" table="webservice_product">
    <indexes>
      <index name="product" columns="product"/>
      <index name="webservice" columns="webservice"/>
      <index name="article_id" columns="article_id"/>
    </indexes>
    <unique-constraints>
      <unique-constraint name="product_2" columns="product,webservice"/>
    </unique-constraints>
    <id name="id" type="integer" column="id">
      <generator strategy="IDENTITY"/>
    </id>
    <field name="product" type="integer" column="product" nullable="false">
      <options>
        <option name="unsigned"/>
      </options>
    </field>
    <field name="webservice" type="integer" column="webservice" nullable="false">
      <options>
        <option name="unsigned"/>
      </options>
    </field>
    <field name="articleId" type="integer" column="article_id" nullable="false">
      <options>
        <option name="unsigned"/>
      </options>
    </field>
    <field name="articleName" type="string" column="article_name" length="255" nullable="false">
      <options>
        <option name="fixed"/>
      </options>
    </field>
  </entity>
</doctrine-mapping>
